start,end,keyDownNormal,keyDownDel,keyDownCtrl,keyDownNav,mouseDown,fixationSource,fixationTarget,state
1402483122015,1402483122515,0,0,0,0,0,0,0,H9
1402483122515,1402483123015,0,0,0,0,0,0,2,H3
1402483123015,1402483123515,0,0,0,0,0,0,1,H3
1402483123515,1402483124015,0,0,0,0,0,0,1,H3
1402483124015,1402483124515,0,0,0,0,0,0,2,H3
1402483124515,1402483125015,0,0,0,0,0,0,0,H9
1402483125015,1402483125515,2,0,0,0,0,0,0,H3
1402483125515,1402483126015,0,0,0,0,0,0,1,H3
1402483126015,1402483126515,0,0,0,0,0,0,2,H3
1402483126515,1402483127015,0,0,0,0,0,0,1,H3
1402483127015,1402483127515,0,0,0,0,1,0,0,H6
1402483127515,1402483128015,0,0,0,0,0,1,1,H1
1402483128015,1402483128515,0,0,0,0,0,2,0,H1
1402483128515,1402483129015,0,0,0,0,0,0,2,H3
1402483129015,1402483129515,0,0,0,0,0,0,2,H3
1402483129515,1402483130015,0,0,0,0,0,0,2,H3
1402483130015,1402483130515,0,0,0,0,0,1,0,H1
1402483130515,1402483131015,0,0,0,0,0,1,1,H1
1402483131015,1402483131515,0,0,0,0,0,0,2,H3
1402483131515,1402483132015,0,0,0,0,0,0,2,H3
1402483132015,1402483132515,0,0,0,0,0,0,2,H3
1402483132515,1402483133015,0,0,0,0,0,0,1,H3
1402483133015,1402483133515,0,0,0,0,0,1,1,H1
1402483133515,1402483134015,0,0,0,0,0,2,0,H1
1402483134015,1402483134515,0,0,0,0,0,1,0,H1
1402483134515,1402483135015,0,0,0,0,0,0,1,H3
1402483135015,1402483135515,0,0,0,0,0,0,2,H3
1402483135515,1402483136015,0,0,0,0,0,0,2,H3
1402483136015,1402483136515,0,0,0,0,0,0,1,H3
1402483136515,1402483137015,0,0,0,0,0,0,0,H9
1402483137015,1402483137515,0,0,0,0,1,0,2,H6
1402483137515,1402483138015,0,0,0,0,0,0,2,H3
1402483138015,1402483138515,0,0,0,0,0,0,1,H3
1402483138515,1402483139015,0,0,0,0,0,0,1,H3
1402483139015,1402483139515,0,0,0,0,0,0,0,H9
1402483139515,1402483140015,3,0,0,0,0,0,0,H3
1402483140015,1402483140515,0,0,0,0,0,0,1,H3
1402483140515,1402483141015,0,0,0,0,0,0,1,H3
1402483141015,1402483141515,0,0,0,0,0,0,1,H3
1402483141515,1402483142015,0,1,0,0,0,0,0,H8
1402483142015,1402483142515,2,0,0,0,0,0,0,H3
1402483142515,1402483143015,2,0,0,0,0,0,0,H3
1402483143015,1402483143515,1,0,0,0,0,0,0,H3
1402483143515,1402483144015,3,0,0,0,0,0,0,H3
1402483144015,1402483144515,2,0,0,0,0,0,1,H3
1402483144515,1402483145015,0,0,0,0,0,0,1,H3
1402483145015,1402483145515,0,0,0,0,0,0,0,H9
1402483145515,1402483146015,0,0,0,3,0,0,0,H5
1402483146015,1402483146515,0,0,0,3,0,0,0,H5
1402483146515,1402483147015,0,0,0,1,0,0,1,H2
1402483147015,1402483147515,0,1,0,0,0,0,0,H8
1402483147515,1402483148015,1,0,0,0,0,0,0,H3
1402483148015,1402483148515,0,0,0,0,0,0,1,H3
1402483148515,1402483149015,0,0,0,0,0,0,0,H9
1402483149015,1402483149515,0,0,0,0,0,0,0,H9
1402483149515,1402483150015,0,0,0,0,0,0,0,H9
1402483150015,1402483150515,0,0,0,0,1,0,0,H6
1402483150515,1402483151015,0,0,0,0,0,0,1,H3
1402483151015,1402483151515,0,1,0,0,0,0,1,H8
1402483151515,1402483152015,0,0,0,0,0,0,1,H3
1402483152015,1402483152515,0,0,0,0,0,0,2,H3
1402483152515,1402483153015,0,0,0,0,0,0,1,H3
1402483153015,1402483153515,0,0,0,0,0,1,2,H1
1402483153515,1402483154015,0,0,0,0,1,2,0,H1
1402483154015,1402483154515,0,0,0,0,0,0,0,H9
1402483154515,1402483155015,0,0,0,0,0,2,0,H1
1402483155015,1402483155515,0,0,0,0,0,1,0,H1
1402483155515,1402483156015,0,0,0,0,0,1,1,H1
1402483156015,1402483156515,0,0,0,0,0,0,0,H9
1402483156515,1402483157015,0,0,0,0,0,0,0,H9
1402483157015,1402483157515,0,0,0,0,1,0,1,H6
1402483157515,1402483158015,1,0,0,0,0,0,0,H3
1402483158015,1402483158515,2,0,0,0,0,0,0,H3
1402483158515,1402483159015,0,0,0,0,0,0,1,H3
1402483159015,1402483159515,0,0,0,0,0,0,1,H3
1402483159515,1402483160015,0,0,0,0,0,0,0,H9
1402483160015,1402483160515,0,0,0,0,1,0,0,H6
1402483160515,1402483161015,0,0,0,0,0,0,1,H3
1402483161015,1402483161515,0,0,0,0,0,0,0,H9
1402483161515,1402483162015,0,0,0,0,0,0,1,H3
1402483162015,1402483162515,0,1,0,0,0,0,0,H8
1402483162515,1402483163015,0,0,0,0,0,0,0,H9
1402483163015,1402483163515,0,0,0,0,0,0,0,H9
1402483163515,1402483164015,0,0,0,0,1,0,1,H6
1402483164015,1402483164515,0,0,0,0,0,0,0,H9
1402483164515,1402483165015,0,0,0,0,0,0,1,H3
1402483165015,1402483165515,0,0,0,0,0,0,0,H9
1402483165515,1402483166015,1,0,0,0,0,0,0,H3
1402483166015,1402483166515,1,0,0,0,0,0,1,H3
1402483166515,1402483167015,0,0,0,0,0,0,1,H3
1402483167015,1402483167515,0,0,0,0,0,0,1,H3
1402483167515,1402483168015,0,0,0,0,0,0,1,H3
1402483168015,1402483168515,0,0,0,0,0,0,1,H3
1402483168515,1402483169015,0,0,0,0,0,1,0,H1
1402483169015,1402483169515,0,0,0,0,0,1,0,H1
1402483169515,1402483170015,0,0,0,0,0,0,1,H3
1402483170015,1402483170515,0,0,0,0,1,0,1,H6
1402483170515,1402483171015,1,0,0,0,0,0,0,H3
1402483171015,1402483171515,1,0,0,0,0,0,0,H3
1402483171515,1402483172015,0,0,0,0,0,0,0,H9
1402483172015,1402483172515,1,0,0,0,0,0,0,H3
1402483172515,1402483173015,0,0,0,0,0,0,2,H3
1402483173015,1402483173515,0,0,0,0,0,0,2,H3
1402483173515,1402483174015,0,0,0,0,0,1,1,H1
1402483174015,1402483174515,0,0,0,0,0,0,1,H3
1402483174515,1402483175015,1,0,0,0,1,0,0,H1
1402483175015,1402483175515,0,0,0,0,0,0,1,H3
1402483175515,1402483176015,2,0,0,0,0,0,0,H3
1402483176015,1402483176515,3,0,0,0,0,0,0,H3
1402483176515,1402483177015,1,0,0,0,0,0,0,H3
1402483177015,1402483177515,0,0,0,0,0,0,2,H3
1402483177515,1402483178015,2,0,0,0,0,0,0,H3
1402483178015,1402483178515,0,0,0,0,0,0,1,H3
1402483178515,1402483179015,2,0,0,0,0,0,0,H3
1402483179015,1402483179515,4,0,0,0,0,0,2,H3
1402483179515,1402483180015,0,0,0,0,0,0,1,H3
1402483180015,1402483180515,0,0,0,0,0,0,1,H3
1402483180515,1402483181015,0,0,0,0,0,0,3,H3
1402483181015,1402483181515,0,0,0,0,0,0,1,H3
1402483181515,1402483182015,0,0,0,0,0,0,2,H3
1402483182015,1402483182515,0,0,0,0,0,0,1,H3
1402483182515,1402483183015,0,0,0,0,1,0,1,H6
1402483183015,1402483183515,0,0,0,0,0,1,1,H1
1402483183515,1402483184015,0,0,0,0,0,2,0,H1
1402483184015,1402483184515,0,0,0,0,0,2,0,H1
1402483184515,1402483185015,0,0,0,0,0,2,0,H1
1402483185015,1402483185515,0,0,0,0,0,0,1,H3
1402483185515,1402483186015,0,0,0,0,0,0,3,H3
1402483186015,1402483186515,0,0,0,0,0,1,1,H1
1402483186515,1402483187015,0,0,0,0,0,2,0,H1
1402483187015,1402483187515,0,0,0,0,0,3,0,H1
1402483187515,1402483188015,0,0,0,0,0,2,0,H1
1402483188015,1402483188515,0,0,0,0,0,2,0,H1
1402483188515,1402483189015,0,0,0,0,0,3,0,H1
1402483189015,1402483189515,0,0,0,0,0,0,1,H3
1402483189515,1402483190015,0,0,0,0,0,0,1,H3
1402483190015,1402483190515,0,0,0,0,0,0,1,H3
1402483190515,1402483191015,0,0,0,0,0,0,0,H9
1402483191015,1402483191515,0,2,0,0,0,0,2,H8
1402483191515,1402483192015,0,0,0,0,0,0,2,H3
1402483192015,1402483192515,0,0,0,0,0,0,0,H9
1402483192515,1402483193015,0,0,0,0,1,0,2,H6
1402483193015,1402483193515,1,0,0,0,0,0,1,H3
1402483193515,1402483194015,0,0,0,0,0,0,1,H3
1402483194015,1402483194515,3,0,0,0,0,0,0,H3
1402483194515,1402483195015,2,0,0,0,0,0,0,H3
1402483195015,1402483195515,4,0,0,0,0,0,0,H3
1402483195515,1402483196015,3,0,0,0,0,0,0,H3
1402483196015,1402483196515,1,0,0,0,0,0,0,H3
1402483196515,1402483197015,0,0,0,0,0,0,1,H3
1402483197015,1402483197515,3,0,0,0,0,0,0,H3
1402483197515,1402483198015,3,0,0,0,0,0,0,H3
1402483198015,1402483198515,3,0,0,0,0,0,0,H3
1402483198515,1402483199015,3,0,0,0,0,0,0,H3
1402483199015,1402483199515,2,0,0,0,0,0,0,H3
1402483199515,1402483200015,2,0,0,0,0,0,0,H3
1402483200015,1402483200515,0,0,0,0,0,0,0,H9
1402483200515,1402483201015,4,0,0,0,0,0,0,H3
1402483201015,1402483201515,2,0,0,0,0,0,0,H3
1402483201515,1402483202015,2,0,0,0,0,0,0,H3
1402483202015,1402483202515,0,0,0,0,0,0,0,H9
1402483202515,1402483203015,2,0,0,0,0,0,0,H3
1402483203015,1402483203515,2,0,0,0,0,0,1,H3
1402483203515,1402483204015,0,0,0,0,0,0,1,H3
1402483204015,1402483204515,0,0,0,0,0,0,0,H9
1402483204515,1402483205015,0,0,0,0,0,0,2,H3
1402483205015,1402483205515,0,0,0,0,0,0,0,H9
1402483205515,1402483206015,0,0,0,0,1,0,1,H6
1402483206015,1402483206515,0,0,0,0,0,0,0,H9
1402483206515,1402483207015,0,0,0,0,0,0,1,H3
1402483207015,1402483207515,0,2,0,0,0,0,0,H8
1402483207515,1402483208015,0,0,0,0,0,0,1,H3
1402483208015,1402483208515,2,0,0,0,0,0,0,H3
1402483208515,1402483209015,1,0,0,0,0,0,1,H3
1402483209015,1402483209515,0,0,0,0,0,0,1,H3
1402483209515,1402483210015,0,0,0,0,0,0,2,H3
1402483210015,1402483210515,0,0,0,0,0,0,0,H9
1402483210515,1402483211015,0,0,0,0,0,0,1,H3
1402483211015,1402483211515,0,0,0,0,0,0,1,H3
1402483211515,1402483212015,0,0,0,0,0,0,1,H3
1402483212015,1402483212515,0,0,0,0,1,0,0,H6
1402483212515,1402483213015,0,0,0,0,0,0,0,H9
1402483213015,1402483213515,0,0,0,0,0,0,0,H9
1402483213515,1402483214015,0,0,0,0,0,0,1,H3
1402483214015,1402483214515,0,2,0,0,0,0,0,H8
1402483214515,1402483215015,0,0,0,0,0,0,1,H3
1402483215015,1402483215515,0,0,0,0,0,0,0,H9
1402483215515,1402483216015,0,0,0,0,1,0,1,H6
1402483216015,1402483216515,0,1,0,0,0,0,0,H8
1402483216515,1402483217015,0,0,0,0,0,0,1,H3
1402483217015,1402483217515,0,0,0,0,0,0,2,H3
1402483217515,1402483218015,0,0,0,0,0,0,1,H3
1402483218015,1402483218515,0,0,0,0,0,0,1,H3
1402483218515,1402483219015,0,0,0,0,1,0,1,H6
1402483219015,1402483219515,0,0,0,0,0,0,0,H9
1402483219515,1402483220015,0,1,0,0,0,0,2,H8
1402483220015,1402483220515,0,0,0,0,0,0,3,H3
1402483220515,1402483221015,0,0,0,0,0,0,1,H3
1402483221015,1402483221515,0,0,0,0,0,0,2,H3
1402483221515,1402483222015,0,0,0,0,0,0,2,H3
1402483222015,1402483222515,0,0,0,0,0,0,1,H3
1402483222515,1402483223015,0,0,0,0,1,0,1,H6
1402483223015,1402483223515,0,1,0,0,0,0,0,H8
1402483223515,1402483224015,0,0,0,0,0,0,0,H9
1402483224015,1402483224515,0,1,0,0,0,0,1,H8
1402483224515,1402483225015,0,0,0,0,0,0,0,H9
1402483225015,1402483225515,0,0,0,0,0,0,3,H3
1402483225515,1402483226015,0,0,0,0,0,0,3,H3
1402483226015,1402483226515,0,0,0,0,0,0,2,H3
1402483226515,1402483227015,0,0,0,0,0,2,0,H1
1402483227015,1402483227515,0,0,0,0,0,2,0,H1
1402483227515,1402483228015,0,0,0,0,0,1,1,H1
1402483228015,1402483228515,0,0,0,0,0,0,2,H3
1402483228515,1402483229015,0,0,0,0,0,0,1,H3
1402483229015,1402483229515,0,0,0,0,1,0,1,H6
1402483229515,1402483230015,0,0,0,0,0,0,1,H3
1402483230015,1402483230515,0,0,0,0,0,0,0,H9
1402483230515,1402483231015,0,0,0,0,0,0,1,H3
1402483231015,1402483231515,0,0,0,0,0,0,2,H3
1402483231515,1402483232015,0,0,0,0,0,0,1,H3
1402483232015,1402483232515,0,1,0,0,0,0,1,H8
1402483232515,1402483233015,0,0,0,0,0,0,2,H3
1402483233015,1402483233515,0,0,0,0,1,0,0,H6
1402483233515,1402483234015,1,0,0,0,0,0,1,H3
1402483234015,1402483234515,2,0,0,0,0,0,0,H3
1402483234515,1402483235015,2,0,0,0,0,0,0,H3
1402483235015,1402483235515,3,0,0,0,0,0,0,H3
1402483235515,1402483236015,2,0,0,0,0,0,0,H3
1402483236015,1402483236515,3,0,0,0,0,0,0,H3
1402483236515,1402483237015,0,0,0,0,0,0,2,H3
1402483237015,1402483237515,0,0,0,0,0,0,2,H3
1402483237515,1402483238015,0,0,0,0,0,0,0,H9
1402483238015,1402483238515,0,0,0,0,1,0,0,H6
1402483238515,1402483239015,0,0,0,0,0,0,1,H3
1402483239015,1402483239515,0,0,0,0,0,0,1,H3
1402483239515,1402483240015,0,2,0,0,0,0,0,H8
1402483240015,1402483240515,0,0,0,0,0,0,2,H3
1402483240515,1402483241015,0,0,0,0,1,0,2,H6
1402483241015,1402483241515,0,0,0,0,0,0,2,H3
1402483241515,1402483242015,0,0,0,0,0,0,1,H3
1402483242015,1402483242515,0,0,0,0,0,0,2,H3
1402483242515,1402483243015,0,0,0,0,0,0,2,H3
1402483243015,1402483243515,0,0,0,0,0,0,0,H9
1402483243515,1402483244015,2,0,0,0,0,0,0,H3
1402483244015,1402483244515,1,0,0,0,0,0,0,H3
1402483244515,1402483245015,3,0,0,0,0,0,0,H3
1402483245015,1402483245515,3,0,0,0,0,0,0,H3
1402483245515,1402483246015,2,0,0,0,0,0,0,H3
1402483246015,1402483246515,3,0,0,0,0,0,1,H3
1402483246515,1402483247015,1,0,0,0,0,0,0,H3
1402483247015,1402483247515,0,0,0,0,0,0,0,H9
1402483247515,1402483248015,1,0,0,0,0,0,0,H3
1402483248015,1402483248515,2,0,0,0,0,0,0,H3
1402483248515,1402483249015,3,0,0,0,0,0,0,H3
1402483249015,1402483249515,1,0,0,0,0,0,1,H3
1402483249515,1402483250015,0,0,0,0,0,0,2,H3
1402483250015,1402483250515,1,0,0,0,0,0,0,H3
1402483250515,1402483251015,0,0,0,0,0,0,0,H9
1402483251015,1402483251515,0,0,0,0,1,0,1,H6
1402483251515,1402483252015,0,0,0,0,0,2,0,H1
1402483252015,1402483252515,0,0,0,0,0,0,1,H3
1402483252515,1402483253015,0,1,0,0,0,0,1,H8
1402483253015,1402483253515,0,0,0,0,0,0,0,H9
1402483253515,1402483254015,0,0,0,0,1,0,0,H6
1402483254015,1402483254515,0,0,0,0,0,0,2,H3
1402483254515,1402483255015,0,0,0,0,0,0,0,H9
1402483255015,1402483255515,0,2,0,0,0,0,1,H8
1402483255515,1402483256015,0,1,0,0,0,0,0,H8
1402483256015,1402483256515,0,0,0,0,0,0,1,H3
1402483256515,1402483257015,0,0,0,0,1,0,1,H6
1402483257015,1402483257515,0,0,0,0,0,0,0,H9
1402483257515,1402483258015,0,0,0,0,0,2,1,H1
1402483258015,1402483258515,0,0,0,0,0,2,0,H1
1402483258515,1402483259015,0,0,0,0,0,1,1,H1
1402483259015,1402483259515,0,0,0,0,0,0,1,H3
1402483259515,1402483260015,0,0,0,0,0,0,2,H3
1402483260015,1402483260515,0,0,0,0,0,1,1,H1
1402483260515,1402483261015,0,0,0,0,0,0,1,H3
1402483261015,1402483261515,0,0,0,0,0,0,2,H3
1402483261515,1402483262015,0,0,0,0,0,0,2,H3
1402483262015,1402483262515,0,0,0,0,0,0,2,H3
1402483262515,1402483263015,0,0,0,0,1,0,0,H6
1402483263015,1402483263515,0,0,0,0,0,1,0,H1
1402483263515,1402483264015,0,0,0,0,0,2,1,H1
1402483264015,1402483264515,0,0,0,0,0,1,0,H1
1402483264515,1402483265015,0,0,0,0,0,0,0,H9
1402483265015,1402483265515,0,0,0,0,0,0,2,H3
1402483265515,1402483266015,0,0,0,0,0,0,2,H3
1402483266015,1402483266515,0,0,0,0,0,0,3,H3
1402483266515,1402483267015,0,0,0,0,0,0,1,H3
1402483267015,1402483267515,0,0,0,0,0,0,2,H3
1402483267515,1402483268015,0,0,0,0,0,0,1,H3
1402483268015,1402483268515,0,0,0,0,1,1,0,H1
1402483268515,1402483269015,0,0,0,0,0,2,0,H1
1402483269015,1402483269515,0,0,0,0,0,0,1,H3
1402483269515,1402483270015,0,0,0,0,0,0,1,H3
1402483270015,1402483270515,1,0,0,0,0,0,0,H3
1402483270515,1402483271015,2,0,0,0,0,0,0,H3
1402483271015,1402483271515,2,0,0,0,0,0,0,H3
1402483271515,1402483272015,3,0,0,0,0,0,0,H3
1402483272015,1402483272515,1,0,0,0,0,0,0,H3
1402483272515,1402483273015,2,1,0,0,0,0,0,H8
1402483273015,1402483273515,3,0,0,0,0,0,0,H3
1402483273515,1402483274015,1,0,0,0,0,0,0,H3
1402483274015,1402483274515,1,0,0,0,0,0,0,H3
1402483274515,1402483275015,1,0,0,0,0,0,0,H3
1402483275015,1402483275515,1,0,0,0,0,0,0,H3
1402483275515,1402483276015,3,0,0,0,0,0,1,H3
1402483276015,1402483276515,0,0,0,0,0,0,2,H3
1402483276515,1402483277015,0,0,0,0,0,0,1,H3
1402483277015,1402483277515,0,0,0,0,0,1,1,H1
1402483277515,1402483278015,0,0,0,0,0,2,0,H1
1402483278015,1402483278515,0,0,0,0,0,1,0,H1
1402483278515,1402483279015,0,0,0,0,0,1,0,H1
1402483279015,1402483279515,0,0,0,0,0,1,0,H1
1402483279515,1402483280015,0,0,0,0,0,0,2,H3
1402483280015,1402483280515,0,0,0,0,0,0,2,H3
1402483280515,1402483281015,0,0,0,0,0,0,1,H3
1402483281015,1402483281515,0,0,0,0,1,0,0,H6
1402483281515,1402483282015,0,0,0,0,0,0,1,H3
1402483282015,1402483282515,0,0,0,0,0,0,0,H9
1402483282515,1402483283015,2,0,0,0,0,0,1,H3
1402483283015,1402483283515,0,0,0,0,0,0,1,H3
1402483283515,1402483284015,0,0,0,0,0,0,1,H3
1402483284015,1402483284515,0,0,0,0,0,0,0,H9
1402483284515,1402483285015,0,0,0,0,1,0,0,H6
1402483285015,1402483285515,0,0,0,0,0,0,1,H3
1402483285515,1402483286015,1,0,0,0,0,0,0,H3
1402483286015,1402483286515,0,0,0,0,0,0,0,H9
1402483286515,1402483287015,1,1,0,0,0,0,0,H8
1402483287015,1402483287515,0,0,0,0,0,0,1,H3
1402483287515,1402483288015,1,1,0,0,0,0,0,H8
1402483288015,1402483288515,1,0,0,0,0,0,0,H3
1402483288515,1402483289015,0,0,0,0,0,0,2,H3
1402483289015,1402483289515,0,0,0,0,0,0,2,H3
1402483289515,1402483290015,0,0,0,0,1,0,1,H6
1402483290015,1402483290515,0,0,0,0,0,0,3,H3
1402483290515,1402483291015,0,0,0,0,0,0,2,H3
1402483291015,1402483291515,0,0,0,0,0,1,1,H1
1402483291515,1402483292015,0,0,0,0,0,3,0,H1
1402483292015,1402483292515,0,0,0,0,0,0,1,H3
1402483292515,1402483293015,0,0,0,0,0,0,3,H3
1402483293015,1402483293515,0,0,0,0,0,0,3,H3
1402483293515,1402483294015,0,0,0,0,0,0,1,H3
1402483294015,1402483294515,0,0,0,0,0,0,2,H3
1402483294515,1402483295015,0,0,0,0,0,0,2,H3
1402483295015,1402483295515,0,0,0,0,0,0,1,H3
1402483295515,1402483296015,0,0,0,0,0,0,0,H9
1402483296015,1402483296515,0,0,0,0,0,0,1,H3
1402483296515,1402483297015,0,1,0,0,0,0,0,H8
1402483297015,1402483297515,0,0,0,0,0,0,2,H3
1402483297515,1402483298015,0,0,0,0,0,0,1,H3
1402483298015,1402483298515,0,0,0,0,1,0,1,H6
1402483298515,1402483299015,1,0,0,0,0,0,0,H3
1402483299015,1402483299515,0,0,0,0,0,0,1,H3
1402483299515,1402483300015,1,0,0,0,0,0,0,H3
1402483300015,1402483300515,1,0,0,0,0,3,0,H1
1402483300515,1402483301015,0,0,0,0,0,2,0,H1
1402483301015,1402483301515,0,0,0,0,0,1,0,H1
1402483301515,1402483302015,0,0,0,0,0,3,0,H1
1402483302015,1402483302515,0,0,0,0,0,2,0,H1
1402483302515,1402483303015,0,0,0,0,0,3,0,H1
1402483303015,1402483303515,0,0,0,0,0,2,0,H1
1402483303515,1402483304015,0,0,0,0,0,0,1,H3
1402483304015,1402483304515,0,0,0,0,0,0,1,H3
1402483304515,1402483305015,0,3,0,0,0,0,0,H8
1402483305015,1402483305515,0,0,0,0,0,0,1,H3
1402483305515,1402483306015,0,0,0,0,0,2,0,H1
1402483306015,1402483306515,0,0,0,0,0,0,1,H3
1402483306515,1402483307015,0,0,0,0,0,0,1,H3
1402483307015,1402483307515,0,0,0,0,1,0,0,H6
1402483307515,1402483308015,0,0,0,0,1,0,0,H6
1402483308015,1402483308515,0,0,0,0,1,0,0,H6
1402483308515,1402483309015,1,0,0,0,0,0,1,H3
1402483309015,1402483309515,2,0,0,0,0,0,0,H3
1402483309515,1402483310015,2,0,0,0,0,0,0,H3
1402483310015,1402483310515,3,0,0,0,0,0,0,H3
1402483310515,1402483311015,3,0,0,0,0,0,0,H3
1402483311015,1402483311515,1,0,0,0,0,2,0,H1
1402483311515,1402483312015,0,0,0,0,0,2,0,H1
1402483312015,1402483312515,0,0,0,0,0,1,0,H1
1402483312515,1402483313015,0,0,0,0,0,2,0,H1
1402483313015,1402483313515,1,0,0,0,0,0,0,H3
1402483313515,1402483314015,0,0,0,0,0,0,1,H3
1402483314015,1402483314515,0,0,0,0,0,0,2,H3
1402483314515,1402483315015,1,0,0,0,0,1,0,H1
1402483315015,1402483315515,0,0,0,0,0,1,0,H1
1402483315515,1402483316015,0,0,0,0,0,1,0,H1
1402483316015,1402483316515,0,2,0,0,0,0,0,H8
1402483316515,1402483317015,0,0,0,0,0,0,1,H3
1402483317015,1402483317515,1,0,0,0,0,0,0,H3
1402483317515,1402483318015,2,0,0,0,0,0,0,H3
1402483318015,1402483318515,2,0,0,0,0,0,0,H3
1402483318515,1402483319015,3,0,0,0,0,0,0,H3
1402483319015,1402483319515,3,0,0,0,0,0,0,H3
1402483319515,1402483320015,2,0,0,0,0,0,0,H3
1402483320015,1402483320515,2,0,0,0,0,0,0,H3
1402483320515,1402483321015,3,0,0,0,0,0,0,H3
1402483321015,1402483321515,2,0,0,0,0,0,0,H3
1402483321515,1402483322015,0,0,0,0,0,0,1,H3
1402483322015,1402483322515,0,1,0,0,0,0,2,H8
1402483322515,1402483323015,0,0,0,0,0,0,2,H3
1402483323015,1402483323515,0,0,0,0,0,0,2,H3
1402483323515,1402483324015,0,0,0,0,0,0,2,H3
1402483324015,1402483324515,0,0,0,0,0,0,1,H3
1402483324515,1402483325015,0,0,0,0,1,0,0,H6
1402483325015,1402483325515,0,0,0,0,0,0,0,H9
1402483325515,1402483326015,0,0,0,0,0,0,1,H3
1402483326015,1402483326515,0,1,0,0,0,0,1,H8
1402483326515,1402483327015,0,1,0,0,0,0,2,H8
1402483327015,1402483327515,0,0,0,0,0,0,0,H9
1402483327515,1402483328015,0,0,0,0,1,0,0,H6
1402483328015,1402483328515,0,0,0,0,1,0,0,H6
1402483328515,1402483329015,0,0,0,0,0,0,0,H9
1402483329015,1402483329515,0,1,0,0,0,0,1,H8
1402483329515,1402483330015,0,0,0,0,0,0,1,H3
1402483330015,1402483330515,0,0,0,0,0,0,2,H3
1402483330515,1402483331015,0,0,0,0,0,0,0,H9
1402483331015,1402483331515,0,0,0,0,0,0,1,H3
1402483331515,1402483332015,0,0,0,0,0,3,0,H1
1402483332015,1402483332515,0,0,0,0,0,1,0,H1
1402483332515,1402483333015,0,0,0,0,1,0,0,H6
1402483333015,1402483333515,0,0,0,0,0,0,1,H3
1402483333515,1402483334015,0,0,0,0,0,0,0,H9
1402483334015,1402483334515,0,0,0,0,0,0,1,H3
1402483334515,1402483335015,2,0,0,0,0,0,0,H3
1402483335015,1402483335515,4,0,0,0,0,0,0,H3
1402483335515,1402483336015,3,0,0,0,0,0,0,H3
1402483336015,1402483336515,2,0,0,0,0,0,0,H3
1402483336515,1402483337015,0,0,0,0,0,0,1,H3
1402483337015,1402483337515,0,0,0,0,0,0,0,H9
1402483337515,1402483338015,0,0,0,0,1,0,1,H6
1402483338015,1402483338515,0,0,0,0,0,0,1,H3
1402483338515,1402483339015,0,0,0,0,0,0,1,H3
1402483339015,1402483339515,2,0,0,0,0,0,0,H3
1402483339515,1402483340015,3,0,0,0,0,0,0,H3
1402483340015,1402483340515,3,0,0,0,0,0,0,H3
1402483340515,1402483341015,3,0,0,0,0,0,0,H3
1402483341015,1402483341515,2,0,0,0,0,0,0,H3
1402483341515,1402483342015,0,0,0,0,0,0,0,H9
1402483342015,1402483342515,0,0,0,0,1,0,0,H6
1402483342515,1402483343015,0,0,0,0,0,0,0,H9
1402483343015,1402483343515,0,0,0,0,0,1,1,H1
1402483343515,1402483344015,0,0,0,0,0,0,0,H9
1402483344015,1402483344515,0,0,0,0,0,0,0,H9
1402483344515,1402483345015,0,0,0,0,0,0,0,H9
1402483345015,1402483345515,0,0,0,0,0,2,0,H1
1402483345515,1402483346015,0,0,0,0,0,0,0,H9
1402483346015,1402483346515,0,0,0,0,0,3,0,H1
1402483346515,1402483347015,0,0,0,0,0,1,0,H1
1402483347015,1402483347515,0,0,0,0,0,0,1,H3
1402483347515,1402483348015,0,0,0,0,0,0,1,H3
1402483348015,1402483348515,0,0,0,0,0,0,2,H3
1402483348515,1402483349015,0,0,0,0,0,0,2,H3
1402483349015,1402483349515,0,0,0,0,0,0,2,H3
1402483349515,1402483350015,0,0,0,0,0,0,0,H9
1402483350015,1402483350515,0,0,0,0,1,0,0,H6
1402483350515,1402483351015,0,0,0,0,0,0,1,H3
1402483351015,1402483351515,2,0,0,0,0,0,0,H3
1402483351515,1402483352015,0,0,0,0,0,0,1,H3
1402483352015,1402483352515,0,0,0,0,0,0,0,H9
1402483352515,1402483353015,0,0,0,0,0,0,0,H9
1402483353015,1402483353515,0,0,0,0,1,0,1,H6
1402483353515,1402483354015,0,0,0,0,0,0,0,H9
1402483354015,1402483354515,0,0,0,0,0,0,0,H9
1402483354515,1402483355015,0,0,0,0,0,2,1,H1
1402483355015,1402483355515,0,0,0,0,0,2,0,H1
1402483355515,1402483356015,0,0,0,0,0,1,1,H1
1402483356015,1402483356515,0,0,0,0,1,0,1,H6
1402483356515,1402483357015,0,0,0,0,0,0,0,H9
1402483357015,1402483357515,0,0,0,0,0,0,1,H3
1402483357515,1402483358015,0,0,0,0,0,2,0,H1
1402483358015,1402483358515,0,0,0,0,0,2,0,H1
1402483358515,1402483359015,0,0,0,0,0,1,1,H1
1402483359015,1402483359515,0,0,0,0,0,0,0,H9
1402483359515,1402483360015,0,0,0,0,1,0,0,H6
1402483360015,1402483360515,0,0,0,0,0,0,0,H9
1402483360515,1402483361015,0,0,0,0,1,0,0,H6
1402483361015,1402483361515,0,0,0,0,1,0,0,H6
1402483361515,1402483362015,0,0,0,0,0,0,1,H3
1402483362015,1402483362515,0,0,0,0,0,0,0,H9
1402483362515,1402483363015,1,0,0,0,0,0,0,H3
1402483363015,1402483363515,0,0,0,0,0,0,1,H3
1402483363515,1402483364015,0,0,0,0,0,0,2,H3
1402483364015,1402483364515,0,0,0,0,0,0,3,H3
1402483364515,1402483365015,0,0,0,0,0,2,0,H1
1402483365015,1402483365515,0,0,0,0,0,2,0,H1
1402483365515,1402483366015,0,0,0,0,0,0,0,H9
1402483366015,1402483366515,0,0,0,0,0,0,0,H9
1402483366515,1402483367015,0,0,0,0,0,1,0,H1
1402483367015,1402483367515,0,0,0,0,0,2,0,H1
1402483367515,1402483368015,0,0,0,0,0,0,0,H9
1402483368015,1402483368515,0,0,0,0,1,1,0,H1
1402483368515,1402483369015,0,0,0,0,0,0,0,H9
1402483369015,1402483369515,0,0,0,0,0,1,0,H1
1402483369515,1402483370015,0,0,0,0,1,1,0,H1
1402483370015,1402483370515,0,0,0,0,0,0,0,H9
1402483370515,1402483371015,0,0,0,0,0,0,0,H9
1402483371015,1402483371515,0,0,0,0,0,0,0,H9
1402483371515,1402483372015,0,0,0,0,0,0,0,H9
1402483372015,1402483372515,0,0,0,0,0,0,0,H9
1402483372515,1402483373015,0,0,0,0,0,0,0,H9
1402483373015,1402483373515,0,0,0,0,0,0,0,H9
1402483373515,1402483374015,0,0,0,0,0,0,0,H9
1402483374015,1402483374515,0,0,0,0,0,0,0,H9
1402483374515,1402483375015,0,0,0,0,0,0,0,H9
1402483375015,1402483375515,0,0,0,0,0,0,0,H9
1402483375515,1402483376015,0,0,0,0,0,0,0,H9
1402483376015,1402483376515,0,0,0,0,0,0,0,H9
1402483376515,1402483377015,0,0,0,0,0,0,0,H9
1402483377015,1402483377515,0,0,0,0,0,0,0,H9
1402483377515,1402483378015,0,0,0,0,0,0,0,H9
1402483378015,1402483378515,0,0,0,0,0,0,0,H9
1402483378515,1402483379015,0,0,0,0,0,0,0,H9
1402483379015,1402483379515,0,0,0,0,0,0,1,H3
1402483379515,1402483380015,0,0,0,0,0,0,1,H3
1402483380015,1402483380515,0,0,0,0,0,0,1,H3
1402483380515,1402483381015,0,0,0,0,0,0,2,H3
1402483381015,1402483381515,0,0,0,0,0,0,2,H3
1402483381515,1402483382015,0,0,0,0,0,0,0,H9
1402483382015,1402483382515,0,0,0,0,1,0,0,H6
1402483382515,1402483383015,0,0,0,0,1,0,0,H6
1402483383015,1402483383515,1,0,0,0,0,0,1,H3
1402483383515,1402483384015,2,0,0,0,0,0,0,H3
1402483384015,1402483384515,2,0,0,0,0,0,0,H3
1402483384515,1402483385015,0,1,0,0,0,0,0,H8
1402483385015,1402483385515,0,0,0,0,0,0,1,H3
1402483385515,1402483386015,0,1,0,0,0,0,1,H8
1402483386015,1402483386515,0,0,0,0,0,0,1,H3
1402483386515,1402483387015,0,0,0,0,0,0,0,H9
1402483387015,1402483387515,0,0,0,0,0,0,0,H9
1402483387515,1402483388015,1,0,0,0,1,0,1,H1
1402483388015,1402483388515,0,0,0,0,0,0,0,H9
1402483388515,1402483389015,3,0,0,0,0,0,0,H3
1402483389015,1402483389515,3,0,0,0,0,0,0,H3
1402483389515,1402483390015,2,0,0,0,0,0,0,H3
1402483390015,1402483390515,0,0,0,0,0,0,2,H3
1402483390515,1402483391015,0,0,0,0,0,0,2,H3
1402483391015,1402483391515,0,0,0,0,0,3,0,H1
1402483391515,1402483392015,0,0,0,0,0,1,0,H1
1402483392015,1402483392515,0,0,0,0,0,0,1,H3
1402483392515,1402483393015,0,0,0,0,1,0,2,H6
1402483393015,1402483393515,1,0,0,0,0,0,0,H3
1402483393515,1402483394015,0,0,0,0,0,0,2,H3
1402483394015,1402483394515,0,0,0,0,0,0,1,H3
1402483394515,1402483395015,2,0,0,0,0,0,0,H3
1402483395015,1402483395515,1,0,0,0,0,0,2,H3
1402483395515,1402483396015,0,0,0,0,0,0,2,H3
1402483396015,1402483396515,0,0,0,0,0,0,2,H3
1402483396515,1402483397015,0,0,0,0,0,0,0,H9
1402483397015,1402483397515,0,0,0,0,0,0,0,H9
1402483397515,1402483398015,0,0,0,0,1,0,3,H6
1402483398015,1402483398515,0,0,0,0,0,0,1,H3
1402483398515,1402483399015,0,0,0,0,0,2,1,H1
1402483399015,1402483399515,0,0,0,0,0,0,2,H3
1402483399515,1402483400015,0,0,0,0,1,0,1,H6
1402483400015,1402483400515,0,0,0,0,0,0,1,H3
1402483400515,1402483401015,0,0,0,0,0,0,1,H3
1402483401015,1402483401515,0,0,0,0,0,0,2,H3
1402483401515,1402483402015,0,0,0,0,0,0,2,H3
1402483402015,1402483402515,0,0,0,0,0,0,2,H3
1402483402515,1402483403015,0,0,0,0,0,0,2,H3
1402483403015,1402483403515,0,0,0,0,0,0,2,H3
1402483403515,1402483404015,0,0,0,0,1,0,1,H6
1402483404015,1402483404515,0,0,0,0,0,0,2,H3
1402483404515,1402483405015,0,0,0,0,0,0,0,H9
1402483405015,1402483405515,0,0,0,0,1,0,1,H6
1402483405515,1402483406015,0,0,0,0,0,0,0,H9
1402483406015,1402483406515,0,0,0,0,0,0,0,H9
1402483406515,1402483407015,0,0,0,0,0,0,1,H3
1402483407015,1402483407515,0,0,0,0,0,0,2,H3
1402483407515,1402483408015,1,0,0,0,0,0,0,H3
1402483408015,1402483408515,0,0,0,0,1,0,0,H6
1402483408515,1402483409015,0,0,0,0,0,0,1,H3
1402483409015,1402483409515,0,0,0,0,0,0,1,H3
1402483409515,1402483410015,0,1,0,0,0,0,1,H8
1402483410015,1402483410515,0,0,0,0,0,0,2,H3
1402483410515,1402483411015,0,0,0,0,0,0,2,H3
1402483411015,1402483411515,0,0,0,0,0,0,2,H3
1402483411515,1402483412015,1,0,0,0,0,0,0,H3
1402483412015,1402483412515,0,0,0,0,0,0,0,H9
1402483412515,1402483413015,0,0,0,0,1,0,2,H6
1402483413015,1402483413515,0,0,0,0,0,0,1,H3
1402483413515,1402483414015,0,0,0,0,0,0,0,H9
1402483414015,1402483414515,0,0,0,0,0,0,1,H3
1402483414515,1402483415015,0,0,0,0,0,0,1,H3
1402483415015,1402483415515,0,1,0,0,0,0,0,H8
1402483415515,1402483416015,0,1,0,0,0,0,2,H8
1402483416015,1402483416515,0,0,0,0,0,0,1,H3
1402483416515,1402483417015,0,0,0,0,0,0,1,H3
1402483417015,1402483417515,0,0,0,0,0,0,2,H3
1402483417515,1402483418015,0,0,0,0,0,0,0,H9
1402483418015,1402483418515,0,0,0,0,1,0,1,H6
1402483418515,1402483419015,0,0,0,0,0,0,1,H3
1402483419015,1402483419515,0,1,0,0,0,0,0,H8
1402483419515,1402483420015,0,1,0,0,0,0,0,H8
1402483420015,1402483420515,0,0,0,0,0,0,1,H3
1402483420515,1402483421015,2,0,0,0,0,0,0,H3
1402483421015,1402483421515,3,0,0,0,0,0,0,H3
1402483421515,1402483422015,4,0,0,0,0,0,0,H3
